Kode,Emiten,Tahun_IPO,Saham_Beredar,Papan_Pencatatan
AALI,Astra Agro Lestari Tbk.,1997,1924688333,Utama
ABBA,Mahaka Media Tbk.,2002,3935892857,Pemantauan Khusus
ABDA,Asuransi Bina Dana Arta Tbk.,1989,620806680,Pemantauan Khusus
ABMM,ABM Investama Tbk.,2011,2753165000,Utama
ACES,Ace Hardware Indonesia Tbk.,2007,17150000000,Utama
ACRO,Samcro Hyosung Adilestari Tbk.,2024,3469138591,Pengembangan
ACST,Acset Indonusa Tbk.,2013,12675160000,Utama
ADCP,Adhi Commuter Properti Tbk.,2021,22222222200,Utama
ADES,Akasha Wira International Tbk.,1994,589896800,Pemantauan Khusus
ADHI,Adhi Karya (Persero) Tbk.,2004,8407608979,Utama
ADMF,Adira Dinamika Multi Finance T,2004,1000000000,Utama
ADMG,Polychem Indonesia Tbk,1993,3889179559,Utama
ADMR,Adaro Minerals Indonesia Tbk.,2022,40882331500,Utama
ADRO,Adaro Energy Indonesia Tbk.,2008,31985962000,Utama
AEGS,Anugerah Spareparts Sejahtera ,2023,1006002744,Akselerasi
AGAR,Asia Sejahtera Mina Tbk.,2019,1000000000,Pemantauan Khusus
AGII,Samator Indo Gas Tbk.,2016,3066660000,Utama
AGRO,Bank Raya Indonesia Tbk.,2003,24493093216,Utama
AGRS,Bank IBK Indonesia Tbk.,2014,37365877065,Pemantauan Khusus
AHAP,Asuransi Harta Aman Pratama Tb,1990,4900000000,Pengembangan
AIMS,Akbar Indo Makmur Stimec Tbk,2001,220000000,Pemantauan Khusus
AISA,FKS Food Sejahtera Tbk.,1997,9311800000,Utama
AKKU,Anugerah Kagum Karya Utama Tbk,2004,6449463636,Pemantauan Khusus
AKPI,Argha Karya Prima Industry Tbk,1992,612248000,Pengembangan
AKRA,AKR Corporindo Tbk.,1994,20073474600,Utama
AKSI,Mineral Sumberdaya Mandiri Tbk,2001,720000000,Pengembangan
ALDO,Alkindo Naratama Tbk.,2011,1350356872,Pengembangan
ALII,Ancara Logistics Indonesia Tbk,2024,15825800000,Utama
ALKA,Alakasa Industrindo Tbk,1990,507665055,Pengembangan
ALMI,Alumindo Light Metal Industry ,1997,3816000000,Pemantauan Khusus
ALTO,Tri Banyan Tirta Tbk.,2012,2191870558,Pemantauan Khusus
AMAG,Asuransi Multi Artha Guna Tbk.,2005,5001552516,Pengembangan
AMAN,Makmur Berkah Amanda Tbk.,2020,3873500000,Pengembangan
AMAR,Bank Amar Indonesia Tbk.,2020,18197283760,Pengembangan
AMFG,Asahimas Flat Glass Tbk.,1995,434000000,Utama
AMIN,Ateliers Mecaniques D Indonesi,2015,1080000000,Pengembangan
AMMN,Amman Mineral Internasional Tb,2023,72518217656,Utama
AMMS,Agung Menjangan Mas Tbk.,2022,1200051427,Akselerasi
AMOR,Ashmore Asset Management Indon,2020,2222222400,Pengembangan
AMRT,Sumber Alfaria Trijaya Tbk.,2009,41524501700,Utama
ANDI,Andira Agro Tbk.,2018,9350000000,Pemantauan Khusus
ANJT,Austindo Nusantara Jaya Tbk.,2013,3354175000,Utama
ANTM,Aneka Tambang Tbk.,1997,24030764725,Utama
APEX,Apexindo Pratama Duta Tbk.,2013,2933628566,Utama
APIC,Pacific Strategic Financial Tb,2002,11766313488,Pengembangan
APII,Arita Prima Indonesia Tbk.,2013,1075760000,Pengembangan
APLI,Asiaplast Industries Tbk.,2000,1362671400,Utama
APLN,Agung Podomoro Land Tbk.,2010,22699326779,Utama
ARCI,Archi Indonesia Tbk.,2021,24835000000,Utama
AREA,Dunia Virtual Online Tbk.,2024,2539601000,Pengembangan
ARGO,Argo Pantes Tbk,1991,3174339029,Pemantauan Khusus
ARII,Atlas Resources Tbk.,2011,3431000000,Pengembangan
ARKA,Arkha Jayanti Persada Tbk.,2019,2000000000,Pemantauan Khusus
ARKO,Arkora Hydro Tbk.,2022,2928495000,Pengembangan
ARMY,Armidian Karyatama Tbk.,2017,9006250000,Pemantauan Khusus
ARNA,Arwana Citramulia Tbk.,2001,7341430976,Utama
ARTA,Arthavest Tbk,2002,446674175,Pemantauan Khusus
ARTI,Ratu Prabu Energi Tbk,2003,7840000000,Pemantauan Khusus
ARTO,Bank Jago Tbk.,2016,13717687500,Utama
ASBI,Asuransi Bintang Tbk.,1989,348386472,Pengembangan
ASDM,Asuransi Dayin Mitra Tbk.,1989,384000000,Utama
ASGR,Astra Graphia Tbk.,1989,1348780500,Utama
ASHA,Cilacap Samudera Fishing Indus,2022,5000000000,Pengembangan
ASII,Astra International Tbk.,1990,40483553140,Utama
ASJT,Asuransi Jasa Tania Tbk.,2003,1400000000,Utama
ASLC,Autopedia Sukses Lestari Tbk.,2022,12746354780,Pengembangan
ASLI,Asri Karya Lestari Tbk.,2024,6250000000,Utama
ASMI,Asuransi Maximus Graha Persada,2014,8958380460,Pemantauan Khusus
ASPI,Andalan Sakti Primaindo Tbk.,2020,681823317,Pengembangan
ASRI,Alam Sutera Realty Tbk.,2007,19649411888,Utama
ASRM,Asuransi Ramayana Tbk.,1990,304283840,Pemantauan Khusus
ASSA,Adi Sarana Armada Tbk.,2012,3691137517,Utama
ATAP,Trimitra Prawara Goldland Tbk.,2020,1250000000,Pengembangan
ATIC,Anabatic Technologies Tbk.,2015,2315361355,Utama
AUTO,Astra Otoparts Tbk.,1998,4819733000,Utama
AVIA,Avia Avian Tbk.,2021,61953555600,Utama
AWAN,Era Digital Media Tbk.,2023,3435000000,Pengembangan
AXIO,Tera Data Indonusa Tbk.,2022,5840126500,Utama
AYAM,Janu Putra Sejahtera Tbk.,2023,4000000000,Pengembangan
AYLS,Agro Yasa Lestari Tbk.,2020,853423236,Pengembangan
BABP,Bank MNC Internasional Tbk.,2002,44014333126,Pengembangan
BABY,Multitrend Indo Tbk.,2023,2668586400,Utama
BACA,Bank Capital Indonesia Tbk.,2007,19753494636,Pengembangan
BAIK,Bersama Mencapai Puncak Tbk.,2024,1125000000,Pengembangan
BAJA,Saranacentral Bajatama Tbk.,2011,1800000000,Pengembangan
BALI,Bali Towerindo Sentra Tbk.,2014,3934592500,Utama
BANK,Bank Aladin Syariah Tbk.,2021,14621864340,Utama
BAPA,Bekasi Asri Pemula Tbk.,2008,661784520,Utama
BAPI,Bhakti Agung Propertindo Tbk.,2019,5591980103,Pemantauan Khusus
BATA,Sepatu Bata Tbk.,1982,1300000000,Utama
BAUT,Mitra Angkasa Sejahtera Tbk.,2022,4800135289,Pemantauan Khusus
BAYU,Bayu Buana Tbk,1989,353220780,Pengembangan
BBCA,Bank Central Asia Tbk.,2000,122042299500,Utama
BBHI,Allo Bank Indonesia Tbk.,2015,21512953877,Utama
BBKP,Bank KB Bukopin Tbk.,2006,185819884852,Utama
BBLD,Buana Finance Tbk.,1990,1645796054,Pengembangan
BBMD,Bank Mestika Dharma Tbk.,2013,4049189100,Utama
BBNI,Bank Negara Indonesia (Persero,1996,36924339786,Utama
BBRI,Bank Rakyat Indonesia (Persero,2003,150043411587,Utama
BBRM,Pelayaran Nasional Bina Buana ,2013,8479490328,Utama
BBSI,Krom Bank Indonesia Tbk.,2020,3637976068,Pengembangan
BBSS,Bumi Benowo Sukses Sejahtera T,2020,4800016020,Pengembangan
BBTN,Bank Tabungan Negara (Persero),2009,13894099969,Utama
BBYB,Bank Neo Commerce Tbk.,2015,11918427523,Utama
BCAP,MNC Kapital Indonesia Tbk.,2001,42618850927,Utama
BCIC,Bank JTrust Indonesia Tbk.,1997,17926071041,Pengembangan
BCIP,Bumi Citra Permai Tbk.,2009,1429915525,Pengembangan
BDKR,Berdikari Pondasi Perkasa Tbk.,2023,4725101522,Pengembangan
BDMN,Bank Danamon Indonesia Tbk.,1989,9675817341,Utama
BEBS,Berkah Beton Sadaya Tbk.,2021,45000000000,Pengembangan
BEEF,Estika Tata Tiara Tbk.,2019,7031371419,Pengembangan
BEER,Jobubu Jarum Minahasa Tbk.,2023,4000000000,Pengembangan
BEKS,Bank Pembangunan Daerah Banten,2001,51351733883,Pemantauan Khusus
BELI,Global Digital Niaga Tbk.,2022,123210496616,Ekonomi Baru
BELL,Trisula Textile Industries Tbk,2017,7250000000,Pengembangan
BESS,Batulicin Nusantara Maritim Tb,2020,3440455528,Pengembangan
BEST,Bekasi Fajar Industrial Estate,2012,9647311150,Utama
BFIN,BFI Finance  Indonesia Tbk.,1990,15967115620,Utama
BGTG,Bank Ganesha Tbk.,2016,23731287132,Pengembangan
BHAT,Bhakti Multi Artha Tbk.,2020,5000000000,Pengembangan
BHIT,MNC Asia Holding Tbk.,1997,86068156705,Utama
BIKA,Binakarya Jaya Abadi Tbk.,2015,592280000,Pemantauan Khusus
BIKE,Sepeda Bersama Indonesia Tbk.,2022,1293916404,Pengembangan
BIMA,Primarindo Asia Infrastructure,1994,608175716,Pengembangan
BINA,Bank Ina Perdana Tbk.,2014,6073369498,Utama
BINO,Perma Plasindo Tbk.,2021,2175020012,Pengembangan
BIPI,Astrindo Nusantara Infrastrukt,2010,63710196917,Pengembangan
BIPP,Bhuwanatala Indah Permai Tbk.,1995,5028669376,Pemantauan Khusus
BIRD,Blue Bird Tbk.,2014,2502100000,Utama
BISI,BISI International Tbk.,2007,3000000000,Utama
BJBR,Bank Pembangunan Daerah Jawa B,2010,10416229249,Utama
BJTM,Bank Pembangunan Daerah Jawa T,2012,14865343101,Utama
BKDP,Bukit Darmo Property Tbk,2007,7513992252,Pengembangan
BKSL,Sentul City Tbk.,1997,167708902705,Pemantauan Khusus
BKSW,Bank QNB Indonesia Tbk.,2002,34953681505,Pemantauan Khusus
BLTA,Berlian Laju Tanker Tbk,1990,25940187103,Pemantauan Khusus
BLTZ,Graha Layar Prima Tbk.,2014,873937142,Pengembangan
BLUE,Berkah Prima Perkasa Tbk.,2019,418000000,Pengembangan
BMAS,Bank Maspion Indonesia Tbk.,2013,17921635680,Pengembangan
BMBL,Lavender Bina Cendikia Tbk.,2023,1030080995,Akselerasi
BMHS,Bundamedik Tbk.,2021,8603416176,Utama
BMRI,Bank Mandiri (Persero) Tbk.,2003,92399999996,Utama
BMSR,Bintang Mitra Semestaraya Tbk,1999,1159200024,Utama
BMTR,Global Mediacom Tbk.,1995,16583997586,Utama
BNBA,Bank Bumi Arta Tbk.,2006,3354120000,Utama
BNBR,Bakrie & Brothers Tbk,1989,160057457509,Pengembangan
BNGA,Bank CIMB Niaga Tbk.,1989,24890783784,Utama
BNII,Bank Maybank Indonesia Tbk.,1989,75357433911,Utama
BNLI,Bank Permata Tbk.,1990,35819545925,Utama
BOBA,Formosa Ingredient Factory Tbk,2021,1155750000,Pengembangan
BOGA,Bintang Oto Global Tbk.,2016,3803526210,Pengembangan
BOLA,Bali Bintang Sejahtera Tbk.,2019,6000000000,Utama
BOLT,Garuda Metalindo Tbk.,2015,2343750000,Pengembangan
BOSS,Borneo Olah Sarana Sukses Tbk.,2018,1400000000,Pemantauan Khusus
BPFI,Woori Finance Indonesia Tbk.,2009,2673995362,Pengembangan
BPII,Batavia Prosperindo Internasio,2014,515498662,Pemantauan Khusus
BPTR,Batavia Prosperindo Trans Tbk.,2018,3534000000,Utama
BRAM,Indo Kordsa Tbk.,1990,450056980,Utama
BREN,Barito Renewables Energy Tbk.,2023,133786220000,Utama
BRIS,Bank Syariah Indonesia Tbk.,2018,45667877639,Utama
BRMS,Bumi Resources Minerals Tbk.,2010,141784040338,Utama
BRNA,Berlina Tbk.,1989,979110000,Pengembangan
BRPT,Barito Pacific Tbk.,1993,93747218044,Utama
BSBK,Wulandari Bangun Laksana Tbk.,2022,25091882375,Pemantauan Khusus
BSDE,Bumi Serpong Damai Tbk.,2008,21171365812,Utama
BSIM,Bank Sinarmas Tbk.,2010,19517921842,Utama
BSML,Bintang Samudera Mandiri Lines,2021,1850225000,Pengembangan
BSSR,Baramulti Suksessarana Tbk.,2012,2616500000,Pengembangan
BSWD,Bank Of India Indonesia Tbk.,2002,3651978177,Pemantauan Khusus
BTEK,Bumi Teknokultura Unggul Tbk,2004,46277496376,Pemantauan Khusus
BTEL,Bakrie Telecom Tbk.,2006,36822665755,Pemantauan Khusus
BTON,Betonjaya Manunggal Tbk.,2001,720000000,Pengembangan
BTPN,Bank BTPN Tbk.,2008,10536203690,Utama
BTPS,Bank BTPN Syariah Tbk.,2018,7626663000,Utama
BUAH,Segar Kumala Indonesia Tbk.,2022,1000000000,Pengembangan
BUDI,Budi Starch & Sweetener Tbk.,1995,4498997362,Utama
BUKA,Bukalapak.com Tbk.,2021,103099967067,Ekonomi Baru
BUKK,Bukaka Teknik Utama Tbk.,2015,2640452000,Pengembangan
BULL,Buana Lintas Lautan Tbk.,2011,14117801449,Pengembangan
BUMI,Bumi Resources Tbk.,1990,371320705024,Utama
BUVA,Bukit Uluwatu Villa Tbk.,2010,20590473213,Pengembangan
BVIC,Bank Victoria International Tb,1999,15690044331,Utama
BWPT,Eagle High Plantations Tbk.,2009,31525291000,Utama
BYAN,Bayan Resources Tbk.,2008,33333335000,Utama
CAKK,Cahayaputra Asa Keramik Tbk.,2018,1203300219,Pengembangan
CAMP,Campina Ice Cream Industry Tbk,2017,5885000000,Utama
CANI,Capitol Nusantara Indonesia Tb,2014,833440000,Pemantauan Khusus
CARE,Metro Healthcare Indonesia Tbk,2020,33250000000,Pengembangan
CARS,Industri dan Perdagangan Bintr,2017,15000000000,Utama
CASA,Capital Financial Indonesia Tb,2016,54476269803,Pengembangan
CASH,Cashlez Worldwide Indonesia Tb,2020,1431125517,Akselerasi
CASS,Cardig Aero Services Tbk.,2011,2086950000,Utama
CBMF,Cahaya Bintang Medan Tbk.,2020,1875000000,Pemantauan Khusus
CBPE,Citra Buana Prasida Tbk.,2023,1356250000,Pengembangan
CBRE,Cakra Buana Resources Energi T,2023,4538041373,Pemantauan Khusus
CBUT,Citra Borneo Utama Tbk.,2022,3125000000,Utama
CCSI,Communication Cable Systems In,2019,1199999998,Pengembangan
CEKA,Wilmar Cahaya Indonesia Tbk.,1996,595000000,Utama
CENT,Centratama Telekomunikasi Indo,2001,31183464900,Pemantauan Khusus
CFIN,Clipan Finance Indonesia Tbk.,1990,3984520457,Utama
CGAS,Citra Nusantara Gemilang Tbk.,2024,1771429000,Pengembangan
CHEM,Chemstar Indonesia Tbk.,2022,1700014594,Pengembangan
CHIP,Pelita Teknologi Global Tbk.,2023,806000000,Akselerasi
CINT,Chitose Internasional Tbk.,2014,1000000000,Pengembangan
CITA,Cita Mineral Investindo Tbk.,2002,3960361250,Pemantauan Khusus
CITY,Natura City Developments Tbk.,2018,5405188966,Utama
CLAY,Citra Putra Realty Tbk.,2019,2570000000,Pemantauan Khusus
CLEO,Sariguna Primatirta Tbk.,2017,12000000000,Utama
CLPI,Colorpak Indonesia Tbk.,2001,306338500,Pengembangan
CMNP,Citra Marga Nusaphala Persada ,1995,5436872008,Utama
CMNT,Cemindo Gemilang Tbk.,2021,17125504000,Utama
CMPP,AirAsia Indonesia Tbk.,1994,10685124441,Pemantauan Khusus
CMRY,Cisarua Mountain Dairy Tbk.,2021,7934683000,Utama
CNKO,Exploitasi Energi Indonesia Tb,2001,8956361206,Pemantauan Khusus
CNMA,Nusantara Sejahtera Raya Tbk.,2023,83345000000,Utama
CNTX,Century Textile Industry Tbk.,1979,70000000,Pemantauan Khusus
COAL,Black Diamond Resources Tbk.,2022,6250000000,Pengembangan
COCO,Wahana Interfood Nusantara Tbk,2019,889863981,Pengembangan
COWL,Cowell Development Tbk.,2007,4871214021,Pemantauan Khusus
CPIN,Charoen Pokphand Indonesia Tbk,1991,16398000000,Utama
CPRI,Capri Nusa Satu Properti Tbk.,2019,2433379958,Pemantauan Khusus
CPRO,Central Proteina Prima Tbk.,2006,59572382787,Pengembangan
CRAB,Toba Surimi Industries Tbk.,2022,1950000000,Pengembangan
CRSN,Carsurin Tbk.,2023,2892000000,Pengembangan
CSAP,Catur Sentosa Adiprana Tbk.,2007,5683175151,Utama
CSIS,Cahayasakti Investindo Sukses ,2017,1307000000,Pengembangan
CSMI,Cipta Selera Murni Tbk.,2020,816061500,Pemantauan Khusus
CSRA,Cisadane Sawit Raya Tbk.,2020,2050000000,Utama
CTBN,Citra Tubindo Tbk.,1989,800371500,Pemantauan Khusus
CTRA,Ciputra Development Tbk.,1994,18535695255,Utama
CTTH,Citatah Tbk.,1996,1230839821,Pemantauan Khusus
CUAN,Petrindo Jaya Kreasi Tbk.,2023,11241890000,Utama
CYBR,ITSEC Asia Tbk.,2023,6449574702,Pengembangan
DADA,Diamond Citra Propertindo Tbk.,2020,7431530800,Pemantauan Khusus
DART,Duta Anggada Realty Tbk.,1990,3141390962,Utama
DAYA,Duta Intidaya Tbk.,2016,2420547025,Pengembangan
DCII,DCI Indonesia Tbk.,2021,2383745900,Pengembangan
DEAL,Dewata Freightinternational Tb,2018,1146170959,Pemantauan Khusus
DEFI,Danasupra Erapacific Tbk.,2001,687266666,Pemantauan Khusus
DEPO,Caturkarda Depo Bangunan Tbk.,2021,6790000000,Utama
DEWA,Darma Henwa Tbk,2007,21853733792,Utama
DEWI,Dewi Shri Farmindo Tbk.,2022,2000000000,Pengembangan
DFAM,Dafam Property Indonesia Tbk.,2018,1899852850,Pengembangan
DGIK,Nusa Konstruksi Enjiniring Tbk,2007,5541165000,Utama
DGNS,Diagnos Laboratorium Utama Tbk,2021,1250000000,Pengembangan
DIGI,Arkadia Digital Media Tbk.,2018,1625000000,Pemantauan Khusus
DILD,Intiland Development Tbk.,1991,10365854185,Utama
DIVA,Distribusi Voucher Nusantara T,2018,1428571400,Pengembangan
DKFT,Central Omega Resources Tbk.,1997,5638246600,Pengembangan
DLTA,Delta Djakarta Tbk.,1984,800659050,Utama
DMAS,Puradelta Lestari Tbk.,2015,48198111100,Utama
DMMX,Digital Mediatama Maxima Tbk.,2019,7692307700,Pengembangan
DMND,Diamond Food Indonesia Tbk.,2020,9468359000,Pemantauan Khusus
DNAR,Bank Oke Indonesia Tbk.,2014,16867292274,Utama
DNET,Indoritel Makmur Internasional,2000,14184000000,Pengembangan
DOID,Delta Dunia Makmur Tbk.,2001,8621173232,Utama
DOOH,Era Media Sejahtera Tbk.,2023,7737555979,Pengembangan
DPNS,Duta Pertiwi Nusantara Tbk.,1990,331129952,Utama
DPUM,Dua Putra Utama Makmur Tbk.,2015,4175000000,Pemantauan Khusus
DRMA,Dharma Polimetal Tbk.,2021,4705882300,Utama
DSFI,Dharma Samudera Fishing Indust,2000,1857135500,Utama
DSNG,Dharma Satya Nusantara Tbk.,2013,10599842400,Utama
DSSA,Dian Swastatika Sentosa Tbk,2009,770552320,Utama
DUCK,Jaya Bersama Indo Tbk.,2018,1283330000,Pemantauan Khusus
DUTI,Duta Pertiwi Tbk,1994,1850000000,Pengembangan
DVLA,Darya-Varia Laboratoria Tbk.,1994,1120000000,Utama
DWGL,Dwi Guna Laksana Tbk.,2017,9252820991,Pengembangan
DYAN,Dyandra Media International Tb,2013,4272964279,Utama
EAST,Eastparc Hotel Tbk.,2019,4126405336,Pengembangan
ECII,Electronic City Indonesia Tbk.,2013,1334333000,Pengembangan
EDGE,Indointernet Tbk.,2021,2020250000,Pengembangan
EKAD,Ekadharma International Tbk.,1990,3493875000,Utama
ELIT,Data Sinergitama Jaya Tbk.,2023,2031643057,Pengembangan
ELPI,Pelayaran Nasional Ekalya Purn,2022,7412000000,Utama
ELSA,Elnusa Tbk.,2008,7298500000,Utama
ELTY,Bakrieland Development Tbk.,1995,43521913019,Pemantauan Khusus
EMDE,Megapolitan Developments Tbk.,2011,3350000000,Pengembangan
EMTK,Elang Mahkota Teknologi Tbk.,2010,61316751483,Utama
ENAK,Champ Resto Indonesia Tbk.,2022,2166666800,Pengembangan
ENRG,Energi Mega Persada Tbk.,2004,24821230250,Utama
ENVY,Envy Technologies Indonesia Tb,2019,1800000000,Pemantauan Khusus
ENZO,Morenzo Abadi Perkasa Tbk.,2020,2162547122,Pemantauan Khusus
EPAC,Megalestari Epack Sentosaraya ,2020,3303400000,Pemantauan Khusus
EPMT,Enseval Putera Megatrading Tbk,1994,2708640000,Pemantauan Khusus
ERAA,Erajaya Swasembada Tbk.,2011,15950000000,Utama
ERAL,Sinar Eka Selaras Tbk.,2023,5187500000,Utama
ERTX,Eratex Djaja Tbk.,1990,1286539792,Pengembangan
ESIP,Sinergi Inti Plastindo Tbk.,2019,1109953847,Pemantauan Khusus
ESSA,ESSA Industries Indonesia Tbk.,2012,17226975700,Utama
ESTA,Esta Multi Usaha Tbk.,2020,2425354179,Pengembangan
ESTI,Ever Shine Tex Tbk.,1992,2015208720,Pemantauan Khusus
ETWA,Eterindo Wahanatama Tbk,1997,4668671400,Pemantauan Khusus
EURO,Estee Gold Feet Tbk.,2022,2548826428,Akselerasi
EXCL,XL Axiata Tbk.,2005,13128430665,Utama
FAPA,FAP Agri Tbk.,2021,3629411800,Pengembangan
FAST,Fast Food Indonesia Tbk.,1993,3990277158,Pengembangan
FASW,Fajar Surya Wisesa Tbk.,1994,2477888787,Pemantauan Khusus
FILM,MD Pictures Tbk.,2018,9511217000,Utama
FIMP,Fimperkasa Utama Tbk.,2021,400000975,Akselerasi
FIRE,Alfa Energi Investama Tbk.,2017,1475363179,Pengembangan
FISH,FKS Multi Agro Tbk.,2002,480000000,Pemantauan Khusus
FITT,Hotel Fitra International Tbk.,2019,726130199,Pengembangan
FLMC,Falmaco Nonwoven Industri Tbk.,2021,781250000,Pemantauan Khusus
FMII,Fortune Mate Indonesia Tbk,2000,6400000000,Pengembangan
FOLK,Multi Garam Utama Tbk.,2023,3948137748,Pengembangan
FOOD,Sentra Food Indonesia Tbk.,2019,650000000,Pengembangan
FORU,Fortune Indonesia Tbk,2002,465224000,Pengembangan
FORZ,Forza Land Indonesia Tbk.,2017,1984009887,Pemantauan Khusus
FPNI,Lotte Chemical Titan Tbk.,2002,5566414000,Pengembangan
FREN,Smartfren Telecom Tbk.,2006,335388383247,Utama
FUJI,Fuji Finance Indonesia Tbk.,2019,1300000000,PENGEMBANGAN
FUTR,Lini Imaji Kreasi Ekosistem Tb,2023,6390018713,Pengembangan
FWCT,Wijaya Cahaya Timber Tbk.,2023,1875000000,Pengembangan
GAMA,Aksara Global Development Tbk.,2012,10011027656,Pemantauan Khusus
GDST,Gunawan Dianjaya Steel Tbk.,2009,9242500000,Pemantauan Khusus
GDYR,Goodyear Indonesia Tbk.,1980,410000000,Pemantauan Khusus
GEMA,Gema Grahasarana Tbk.,2002,1600000000,Pengembangan
GEMS,Golden Energy Mines Tbk.,2011,5882353000,Utama
GGRM,Gudang Garam Tbk.,1990,1924088000,Utama
GGRP,Gunung Raja Paksi Tbk.,2019,12111376157,Pemantauan Khusus
GHON,Gihon Telekomunikasi Indonesia,2018,550000000,Utama
GIAA,Garuda Indonesia (Persero) Tbk,2011,91480783837,Pemantauan Khusus
GJTL,Gajah Tunggal Tbk.,1990,3484800000,Utama
GLOB,Globe Kita Terang Tbk.,2012,1111112000,Pemantauan Khusus
GLVA,Galva Technologies Tbk.,2019,1500000000,Pengembangan
GMFI,Garuda Maintenance Facility Ae,2017,28233511500,Pemantauan Khusus
GMTD,Gowa Makassar Tourism Developm,2000,1015380000,Pemantauan Khusus
GOLD,Visi Telekomunikasi Infrastruk,2010,1277276000,Pengembangan
GOLL,Golden Plantation Tbk.,2014,3665000759,Pemantauan Khusus
GOOD,Garudafood Putra Putri Jaya Tb,2018,36897901455,Utama
GOTO,GoTo Gojek Tokopedia Tbk.,2022,1201409662836,Ekonomi Baru
GPRA,Perdana Gapuraprima Tbk.,2007,4276655336,Utama
GPSO,Geoprima Solusi Tbk.,2021,666741103,Pengembangan
GRIA,Ingria Pratama Capitalindo Tbk,2023,7375720674,Pengembangan
GRPH,Griptha Putra Persada Tbk.,2024,1000000000,Pengembangan
GRPM,Graha Prima Mentari Tbk.,2023,1545001224,Akselerasi
GSMF,Equity Development Investment ,1989,14230399705,Pengembangan
GTBO,Garda Tujuh Buana Tbk,2009,2500000000,Pengembangan
GTRA,Grahaprima Suksesmandiri Tbk.,2023,1894375000,Pengembangan
GTSI,GTS Internasional Tbk.,2021,15819142767,Utama
GULA,Aman Agrindo Tbk.,2022,1070362500,Pengembangan
GWSA,Greenwood Sejahtera Tbk.,2011,7800760000,Utama
GZCO,Gozco Plantations Tbk.,2008,6000000000,Utama
HADE,Himalaya Energi Perkasa Tbk.,2004,2120000000,Pemantauan Khusus
HAIS,Hasnur Internasional Shipping ,2021,2626250000,Utama
HAJJ,Arsy Buana Travelindo Tbk.,2023,2290521166,Akselerasi
HALO,Haloni Jane Tbk.,2023,5650009835,Pengembangan
HATM,Habco Trans Maritima Tbk.,2022,7000000000,Pengembangan
HBAT,Minahasa Membangun Hebat Tbk.,2023,1040740800,Akselerasi
HDFA,Radana Bhaskara Finance Tbk.,2011,6542445783,Utama
HDIT,Hensel Davest Indonesia Tbk.,2019,1524680000,Pemantauan Khusus
HDTX,Panasia Indo Resources Tbk.,1990,3601462800,Pemantauan Khusus
HEAL,Medikaloka Hermina Tbk.,2018,15262296435,Utama
HELI,Jaya Trishindo Tbk.,2018,832862387,Pengembangan
HERO,Hero Supermarket Tbk.,1989,4183634000,Pengembangan
HEXA,Hexindo Adiperkasa Tbk.,1995,840000000,Utama
HILL,Hillcon Tbk.,2023,2948300000,Utama
HITS,Humpuss Intermoda Transportasi,1997,7101084801,Utama
HKMU,HK Metals Utama Tbk.,2018,3221750000,Pemantauan Khusus
HMSP,H.M. Sampoerna Tbk.,1990,116318076900,Utama
HOKI,Buyung Poetra Sembada Tbk.,2017,9677752680,Utama
HOME,Hotel Mandarine Regency Tbk.,2008,22212194782,Pemantauan Khusus
HOMI,Grand House Mulia Tbk.,2020,1575000000,Pengembangan
HOPE,Harapan Duta Pertiwi Tbk.,2021,2130360201,Pemantauan Khusus
HOTL,Saraswati Griya Lestari Tbk.,2013,3550001452,Pemantauan Khusus
HRME,Menteng Heritage Realty Tbk.,2019,5958750000,Pemantauan Khusus
HRTA,Hartadinata Abadi Tbk.,2017,4605262400,Utama
HRUM,Harum Energy Tbk.,2010,13518100000,Utama
HUMI,Humpuss Maritim Internasional ,2023,18046479742,Utama
HYGN,Ecocare Indo Pasifik Tbk.,2024,2525000000,Pengembangan
IATA,MNC Energy Investments Tbk.,2006,25238245388,Pengembangan
IBFN,Intan Baru Prana Tbk.,2014,1517332349,Pemantauan Khusus
IBOS,Indo Boga Sukses Tbk.,2022,8045476749,Pemantauan Khusus
IBST,Inti Bangun Sejahtera Tbk.,2012,1350904927,Pemantauan Khusus
ICBP,Indofood CBP Sukses Makmur Tbk,2010,11661908000,Utama
ICON,Island Concepts Indonesia Tbk.,2005,1089750000,Pengembangan
IDEA,Idea Indonesia Akademi Tbk.,2021,1062437500,Akselerasi
IDPR,Indonesia Pondasi Raya Tbk.,2015,2003000000,Utama
IFII,Indonesia Fibreboard Industry ,2019,9412000000,Utama
IFSH,Ifishdeco Tbk.,2019,2125000000,Pemantauan Khusus
IGAR,Champion Pacific Indonesia Tbk,1990,972204500,Utama
IIKP,Inti Agri Resources Tbk,2002,33600000000,Pemantauan Khusus
IKAI,Intikeramik Alamasri Industri ,1997,13305799387,Pemantauan Khusus
IKAN,Era Mandiri Cemerlang Tbk.,2020,833333000,Pengembangan
IKBI,Sumi Indo Kabel Tbk.,1991,1224000000,Pengembangan
IKPM,Ikapharmindo Putramas Tbk.,2023,1684662500,Pengembangan
IMAS,Indomobil Sukses Internasional,1993,3994291039,Utama
IMJS,Indomobil Multi Jasa Tbk.,2013,8654325000,Utama
IMPC,Impack Pratama Industri Tbk.,2014,54268500000,Pengembangan
INAF,Indofarma Tbk.,2001,3099267500,Pemantauan Khusus
INAI,Indal Aluminium Industry Tbk.,1994,633600000,Pengembangan
INCF,Indo Komoditi Korpora Tbk.,2016,1438370465,Pemantauan Khusus
INCI,Intanwijaya Internasional Tbk,1990,207656617,Utama
INCO,Vale Indonesia Tbk.,1990,9936338720,Utama
INDF,Indofood Sukses Makmur Tbk.,1994,8780426500,Utama
INDO,Royalindo Investa Wijaya Tbk.,2020,4382841253,Pengembangan
INDR,Indo-Rama Synthetics Tbk.,1990,654351707,Utama
INDS,Indospring Tbk.,1990,656249710,Utama
INDX,Tanah Laut Tbk,2001,437913588,Pengembangan
INDY,Indika Energy Tbk.,2008,5210192000,Utama
INET,Sinergi Inti Andalan Prima Tbk,2023,7500034794,Pengembangan
INKP,Indah Kiat Pulp & Paper Tbk.,1990,5470982941,Utama
INOV,Inocycle Technology Group Tbk.,2019,1808221900,Utama
INPC,Bank Artha Graha Internasional,1990,20021178779,Utama
INPP,Indonesian Paradise Property T,2004,11181971732,Pemantauan Khusus
INPS,Indah Prakasa Sentosa Tbk.,2018,650000000,Pengembangan
INRU,Toba Pulp Lestari Tbk.,1990,1388883283,Pengembangan
INTA,Intraco Penta Tbk.,1993,3343935022,Pemantauan Khusus
INTD,Inter Delta Tbk,1989,591828000,Pengembangan
INTP,Indocement Tunggal Prakarsa Tb,1989,3681231699,Utama
IOTF,Sumber Sinergi Makmur Tbk.,2023,5280000000,Pengembangan
IPAC,Era Graharealty Tbk.,2021,949868500,Akselerasi
IPCC,Indonesia Kendaraan Terminal T,2018,1818384820,Utama
IPCM,Jasa Armada Indonesia Tbk.,2017,5284811100,Utama
IPOL,Indopoly Swakarsa Industry Tbk,2010,6443379509,Utama
IPPE,Indo Pureco Pratama Tbk.,2021,4600000000,Pemantauan Khusus
IPTV,MNC Vision Networks Tbk.,2019,42197950841,Utama
IRRA,Itama Ranoraya Tbk.,2019,1600000000,Pengembangan
IRSX,Aviana Sinar Abadi Tbk.,2023,5000346993,Pengembangan
ISAP,Isra Presisi Indonesia Tbk.,2022,4020067025,Akselerasi
ISAT,Indosat Tbk.,1994,8062702740,Utama
ISSP,Steel Pipe Industry of Indones,2013,7185992035,Utama
ITIC,Indonesian Tobacco Tbk.,2019,940720000,Pengembangan
ITMA,Sumber Energi Andalan Tbk.,1990,999053167,Pengembangan
ITMG,Indo Tambangraya Megah Tbk.,2007,1129925000,Utama
JARR,Jhonlin Agro Raya Tbk.,2022,9230665050,Utama
JAST,Jasnita Telekomindo Tbk.,2019,1082575681,Pengembangan
JATI,Informasi Teknologi Indonesia ,2023,3262513004,Pengembangan
JAWA,Jaya Agra Wattie Tbk.,2011,16232951842,Utama
JAYA,Armada Berjaya Trans Tbk.,2019,798499394,Pengembangan
JECC,Jembo Cable Company Tbk.,1992,151200000,Pemantauan Khusus
JGLE,Graha Andrasentra Propertindo ,2016,22581909405,Pemantauan Khusus
JIHD,Jakarta International Hotels &,1984,2329040482,Pengembangan
JKON,Jaya Konstruksi Manggala Prata,2007,16308519860,Utama
JKSW,Jakarta Kyoei Steel Works Tbk.,1997,150000000,Pemantauan Khusus
JMAS,Asuransi Jiwa Syariah Jasa Mit,2017,1000000000,Pengembangan
JPFA,Japfa Comfeed Indonesia Tbk.,1989,11726575201,Utama
JRPT,Jaya Real Property Tbk.,1994,13750000000,Utama
JSKY,Sky Energy Indonesia Tbk.,2018,2032540000,Pemantauan Khusus
JSMR,Jasa Marga (Persero) Tbk.,2007,7257871200,Utama
JSPT,Jakarta Setiabudi Internasiona,1998,2318736000,Pengembangan
JTPE,Jasuindo Tiga Perkasa Tbk.,2002,6852050000,Utama
KAEF,Kimia Farma Tbk.,2001,5566529785,Utama
KARW,ICTSI Jasa Prima Tbk.,1994,587152700,Pemantauan Khusus
KAYU,Darmi Bersaudara Tbk.,2019,665000000,Pemantauan Khusus
KBAG,Karya Bersama Anugerah Tbk.,2020,7150002603,Pemantauan Khusus
KBLI,KMI Wire & Cable Tbk.,1992,4007235107,Utama
KBLM,Kabelindo Murni Tbk.,1992,1120000000,Pengembangan
KBLV,First Media Tbk.,2000,1742167907,Pemantauan Khusus
KBRI,Kertas Basuki Rachmat Indonesi,2008,8687995734,Pemantauan Khusus
KDSI,Kedawung Setia Industrial Tbk.,1996,405000000,Pemantauan Khusus
KDTN,Puri Sentul Permai Tbk.,2022,1250018264,Pengembangan
KEEN,Kencana Energi Lestari Tbk.,2019,3666312500,Utama
KEJU,Mulia Boga Raya Tbk.,2019,1500000000,Pengembangan
KETR,Ketrosden Triasmitra Tbk.,2021,2841262838,Utama
KIAS,Keramika Indonesia Assosiasi T,1994,14929100000,Pemantauan Khusus
KICI,Kedaung Indah Can Tbk,1993,276000000,UTAMA
KIJA,Kawasan Industri Jababeka Tbk.,1995,20824888369,Utama
KING,Hoffmen Cleanindo Tbk.,2023,2600006056,Akselerasi
KINO,Kino Indonesia Tbk.,2015,1428571500,Utama
KIOS,Kioson Komersial Indonesia Tbk,2017,1075862550,Pengembangan
KJEN,Krida Jaringan Nusantara Tbk.,2019,500000000,Pengembangan
KKES,Kusuma Kemindo Sentosa Tbk.,2022,1500000000,Pengembangan
KKGI,Resource Alam Indonesia Tbk.,1991,5000000000,Utama
KLAS,Pelayaran Kurnia Lautan Semest,2023,2165000000,Pengembangan
KLBF,Kalbe Farma Tbk.,1991,46875122110,Utama
KLIN,Klinko Karya Imaji Tbk.,2022,1307530330,Akselerasi
KMDS,Kurniamitra Duta Sentosa Tbk.,2020,800000000,Pengembangan
KMTR,Kirana Megatara Tbk.,2017,8215366379,Pengembangan
KOBX,Kobexindo Tractors Tbk.,2012,2272500000,Utama
KOCI,Kokoh Exa Nusantara Tbk.,2023,4415590000,Pengembangan
KOIN,Kokoh Inti Arebama Tbk,2008,980843732,Pemantauan Khusus
KOKA,Koka Indonesia Tbk.,2023,2861333000,Pengembangan
KONI,Perdana Bangun Pusaka Tbk,1995,312000000,Pengembangan
KOPI,Mitra Energi Persada Tbk.,2015,697266668,Pengembangan
KOTA,DMS Propertindo Tbk.,2019,10546185701,Pemantauan Khusus
KPAL,Steadfast Marine Tbk.,2018,1069009400,Pemantauan Khusus
KPAS,Cottonindo Ariesta Tbk.,2018,768043253,Pemantauan Khusus
KPIG,MNC Land Tbk.,2000,97557129263,Pengembangan
KRAH,Grand Kartech Tbk.,2013,971190000,Pemantauan Khusus
KRAS,Krakatau Steel (Persero) Tbk.,2010,19346396900,Pengembangan
KREN,Quantum Clovera Investama Tbk.,2002,18208470100,Pemantauan Khusus
KRYA,Bangun Karya Perkasa Jaya Tbk.,2022,1663943474,Pengembangan
KUAS,Ace Oldfields Tbk.,2021,1292808150,Pengembangan
LABA,Ladangbaja Murni Tbk.,2021,1011347536,Pengembangan
LAJU,Jasa Berdikari Logistics Tbk.,2023,2149942974,Pengembangan
LAND,Trimitra Propertindo Tbk.,2018,2792620000,Pemantauan Khusus
LAPD,Leyand International Tbk.,2001,3966350139,Pemantauan Khusus
LCGP,Eureka Prima Jakarta Tbk.,2007,5630000914,Pemantauan Khusus
LCKM,LCK Global Kedaton Tbk.,2018,1000000000,Pemantauan Khusus
LEAD,Logindo Samudramakmur Tbk.,2013,4049616328,Utama
LFLO,Imago Mulia Persada Tbk.,2021,1307734937,Akselerasi
LIFE,MSIG Life Insurance Indonesia ,2019,2100000000,Pemantauan Khusus
LINK,Link Net Tbk.,2014,2863195484,Utama
LION,Lion Metal Works Tbk.,1993,520160000,Pemantauan Khusus
LIVE,Homeco Victoria Makmur Tbk.,2024,4593005014,Pengembangan
LMAS,Limas Indonesia Makmur Tbk,2001,787851525,Pemantauan Khusus
LMAX,Lupromax Pelumas Indonesia Tbk,2023,650005051,Akselerasi
LMPI,Langgeng Makmur Industri Tbk.,1994,1008517669,Pemantauan Khusus
LMSH,Lionmesh Prima Tbk.,1990,96000000,Pemantauan Khusus
LOPI,Logisticsplus International Tb,2023,1100000000,Akselerasi
LPCK,Lippo Cikarang Tbk,1997,2679600000,Utama
LPGI,Lippo General Insurance Tbk.,1997,300000000,Utama
LPIN,Multi Prima Sejahtera Tbk,1990,425000000,Pengembangan
LPKR,Lippo Karawaci Tbk.,1996,70898018369,Utama
LPLI,Star Pacific Tbk,1989,1170432803,Pengembangan
LPPF,Matahari Department Store Tbk.,1989,2260292880,Utama
LPPS,Lenox Pasifik Investama Tbk.,1994,2588250000,Pengembangan
LRNA,Eka Sari Lorena Transport Tbk.,2014,350000022,Pengembangan
LSIP,PP London Sumatra Indonesia Tb,1996,6822863965,Utama
LTLS,Lautan Luas Tbk.,1997,1560000000,Utama
LUCK,Sentral Mitra Informatika Tbk.,2018,715749640,Pengembangan
LUCY,Lima Dua Lima Tiga Tbk.,2021,1396300283,Akselerasi
MABA,Marga Abhinaya Abadi Tbk.,2017,15365229912,Pemantauan Khusus
MAGP,Multi Agro Gemilang Plantation,2013,9000000004,Pemantauan Khusus
MAHA,Mandiri Herindo Adiperkasa Tbk,2023,16666000000,Utama
MAIN,Malindo Feedmill Tbk.,2006,2238750000,Utama
MAMI,Mas Murni Indonesia Tbk,1994,12299317590,Pemantauan Khusus
MANG,Manggung Polahraya Tbk.,2024,3812500000,Akselerasi
MAPA,Map Aktif Adiperkasa Tbk.,2018,28504000000,Utama
MAPB,MAP Boga Adiperkasa Tbk.,2017,2387922900,Pengembangan
MAPI,Mitra Adiperkasa Tbk.,2004,16600000000,Utama
MARI,Mahaka Radio Integra Tbk.,2016,5252644000,Pengembangan
MARK,Mark Dynamics Indonesia Tbk.,2017,3800000310,Utama
MASA,Multistrada Arah Sarana Tbk.,2005,9182946945,Pemantauan Khusus
MASB,Bank Multiarta Sentosa Tbk.,2021,1387737233,Pengembangan
MAXI,Maxindo Karya Anugerah Tbk.,2023,9610044133,Pengembangan
MAYA,Bank Mayapada Internasional Tb,1997,25906179152,Utama
MBAP,Mitrabara Adiperdana Tbk.,2014,1227271952,Pengembangan
MBMA,Merdeka Battery Materials Tbk.,2023,107995419900,Pengembangan
MBSS,Mitrabahtera Segara Sejati Tbk,2011,1750026639,Utama
MBTO,Martina Berto Tbk.,2011,1070000000,Utama
MCAS,M Cash Integrasi Tbk.,2017,867933300,Utama
MCOL,Prima Andalan Mandiri Tbk.,2021,3555560000,Utama
MCOR,Bank China Construction Bank I,2007,37540533209,Utama
MDIA,Intermedia Capital Tbk.,2014,39215538400,Pemantauan Khusus
MDKA,Merdeka Copper Gold Tbk.,2015,24472983771,Utama
MDKI,Emdeki Utama Tbk.,2017,2530150002,Utama
MDLN,Modernland Realty Tbk.,1993,12533067322,Utama
MDRN,Modern Internasional Tbk.,1991,7632167798,Pemantauan Khusus
MEDC,Medco Energi Internasional Tbk,1994,25136231252,Utama
MEDS,Hetzer Medical Indonesia Tbk.,2022,1562500000,Pengembangan
MEGA,Bank Mega Tbk.,2000,11623514905,Utama
MEJA,Harta Djaya Karya Tbk.,2024,1917500000,Akselerasi
MENN,Menn Teknologi Indonesia Tbk.,2023,1434050603,Akselerasi
MERK,Merck Tbk.,1981,448000000,Pengembangan
META,Nusantara Infrastructure Tbk.,2001,17710708194,Utama
MFIN,Mandala Multifinance Tbk.,2005,2650000000,Utama
MFMI,Multifiling Mitra Indonesia Tb,2010,757581000,Pemantauan Khusus
MGLV,Panca Anugrah Wisesa Tbk.,2021,1904883411,Akselerasi
MGNA,Magna Investama Mandiri Tbk.,2014,3410475412,Pemantauan Khusus
MGRO,Mahkota Group Tbk.,2018,3554445700,Utama
MICE,Multi Indocitra Tbk.,2005,600000000,PENGEMBANGAN
MIDI,Midi Utama Indonesia Tbk.,2010,33435294800,Pengembangan
MIKA,Mitra Keluarga Karyasehat Tbk.,2015,14246349500,Utama
MINA,Sanurhasta Mitra Tbk.,2017,6562500000,Pemantauan Khusus
MIRA,Mitra International Resources ,1997,3961452039,Pemantauan Khusus
MITI,Mitra Investindo Tbk.,1997,3540735503,Pengembangan
MKAP,Multikarya Asia Pasifik Raya T,2024,3250000000,Pengembangan
MKNT,Mitra Komunikasi Nusantara Tbk,2015,5500000000,Pemantauan Khusus
MKPI,Metropolitan Kentjana Tbk.,2009,948194000,Pengembangan
MKTR,Menthobi Karyatama Raya Tbk.,2022,12000123702,Pengembangan
MLBI,Multi Bintang Indonesia Tbk.,1981,2107000000,Utama
MLIA,Mulia Industrindo Tbk,1994,6615000000,Pengembangan
MLPL,Multipolar Tbk.,1989,15682323987,Utama
MLPT,Multipolar Technology Tbk.,2013,1875000000,Utama
MMIX,Multi Medika Internasional Tbk,2022,2400092180,Pengembangan
MMLP,Mega Manunggal Property Tbk.,2015,6889134608,Utama
MNCN,Media Nusantara Citra Tbk.,2007,15049787710,Utama
MOLI,Madusari Murni Indah Tbk.,2018,2724036581,Pengembangan
MORA,Mora Telematika Indonesia Tbk.,2022,23646668691,Utama
MPIX,Mitra Pedagang Indonesia Tbk.,2024,1562500000,Pemantauan Khusus
MPMX,Mitra Pinasthika Mustika Tbk.,2013,4462963276,Utama
MPOW,Megapower Makmur Tbk.,2017,816997053,Pengembangan
MPPA,Matahari Putra Prima Tbk.,1992,12966640084,Utama
MPRO,Maha Properti Indonesia Tbk.,2018,9942500000,Pengembangan
MPXL,MPX Logistics International Tb,2023,2000006424,Pengembangan
MRAT,Mustika Ratu Tbk.,1995,428000000,Utama
MREI,Maskapai Reasuransi Indonesia ,1989,517791681,Pengembangan
MSIE,Multisarana Intan Eduka Tbk.,2023,1460002303,Akselerasi
MSIN,MNC Digital Entertainment Tbk.,2018,12135235641,Utama
MSJA,Multi Spunindo Jaya Tbk.,2024,5882352900,Utama
MSKY,MNC Sky Vision Tbk.,2012,1994370480,Utama
MSTI,Mastersystem Infotama Tbk.,2023,3138823600,Utama
MTDL,Metrodata Electronics Tbk.,1990,12276884585,Utama
MTEL,Dayamitra Telekomunikasi Tbk.,2021,83552719544,Utama
MTFN,Capitalinc Investment Tbk.,1990,31842082852,Pemantauan Khusus
MTLA,Metropolitan Land Tbk.,2011,7655126330,Utama
MTMH,Murni Sadar Tbk.,2022,2068526950,Utama
MTPS,Meta Epsi Tbk.,2019,2084850829,Pemantauan Khusus
MTRA,Mitra Pemuda Tbk.,2016,770000000,Pemantauan Khusus
MTSM,Metro Realty Tbk.,1992,232848000,Pemantauan Khusus
MTWI,Malacca Trust Wuwungan Insuran,2017,2924486639,Pengembangan
MUTU,Mutuagung Lestari Tbk.,2023,3142864924,Pengembangan
MYOH,Samindo Resources Tbk.,2000,2206312500,Utama
MYOR,Mayora Indah Tbk.,1990,22358699725,Utama
MYRX,Hanson International Tbk.,1990,86703220792,Pemantauan Khusus
MYTX,Asia Pacific Investama Tbk.,1989,7747281949,Pemantauan Khusus
NANO,Nanotech Indonesia Global Tbk.,2022,4285215536,Akselerasi
NASA,Andalan Perkasa Abadi Tbk.,2017,11004929322,Pemantauan Khusus
NASI,Wahana Inti Makmur Tbk.,2021,807400000,Pengembangan
NATO,Surya Permata Andalan Tbk.,2019,8001111504,Pengembangan
NAYZ,Hassana Boga Sejahtera Tbk.,2023,2550011472,Akselerasi
NCKL,Trimegah Bangun Persada Tbk.,2023,63098600000,Utama
NELY,Pelayaran Nelly Dwi Putri Tbk.,2012,2350000000,Pengembangan
NETV,Net Visi Media Tbk.,2022,23453177240,Pemantauan Khusus
NFCX,NFC Indonesia Tbk.,2018,666667500,Pengembangan
NICE,Adhi Kartiko Pratama Tbk.,2024,6082020000,Pengembangan
NICK,Charnic Capital Tbk.,2018,651150000,Pengembangan
NICL,PAM Mineral Tbk.,2021,10635644907,Pengembangan
NIKL,Pelat Timah Nusantara Tbk.,2009,2523350000,Pemantauan Khusus
NINE,Techno9 Indonesia Tbk.,2022,2157000000,Akselerasi
NIPS,Nipress Tbk.,1991,1635333332,Pemantauan Khusus
NIRO,City Retail Developments Tbk.,2012,22198871804,Pengembangan
NISP,Bank OCBC NISP Tbk.,1994,22715776032,Utama
NOBU,Bank Nationalnobu Tbk.,2013,7403659460,Utama
NPGF,Nusa Palapa Gemilang Tbk.,2021,3240235840,Utama
NRCA,Nusa Raya Cipta Tbk.,2013,2496258344,Utama
NSSS,Nusantara Sawit Sejahtera Tbk.,2023,23788880029,Pengembangan
NTBK,Nusatama Berkah Tbk.,2022,2700064877,Pengembangan
NUSA,Sinergi Megah Internusa Tbk.,2018,7700000148,Pemantauan Khusus
NZIA,Nusantara Almazia Tbk.,2019,2197540705,Utama
OASA,Maharaksa Biru Energi Tbk.,2016,6347220000,Pengembangan
OBMD,OBM Drilchem Tbk.,2021,805992931,Pengembangan
OCAP,Onix Capital Tbk.,2003,273200000,Pemantauan Khusus
OILS,Indo Oil Perkasa Tbk.,2021,454056563,Pengembangan
OKAS,Ancora Indonesia Resources Tbk,2006,2373449165,Pengembangan
OLIV,Oscar Mitra Sukses Sejahtera T,2022,1900073314,Akselerasi
OMED,Jayamas Medica Industri Tbk.,2022,27058850000,Utama
OMRE,Indonesia Prima Property Tbk,1994,2945211000,Pengembangan
OPMS,Optima Prima Metal Sinergi Tbk,2019,1000000000,Pengembangan
PACK,Solusi Kemasan Digital Tbk.,2023,1537550563,Akselerasi
PADA,Personel Alih Daya Tbk.,2022,3150000000,Pengembangan
PADI,Minna Padi Investama Sekuritas,2012,11307246524,Pemantauan Khusus
PALM,Provident Investasi Bersama Tb,2012,15773797158,Pengembangan
PAMG,Bima Sakti Pertiwi Tbk.,2019,3125000000,Utama
PANI,Pantai Indah Kapuk Dua Tbk.,2018,15627150000,Pengembangan
PANR,Panorama Sentrawisata Tbk.,2001,1387500000,Utama
PANS,Panin Sekuritas Tbk.,2000,720000000,Utama
PBID,Panca Budi Idaman Tbk.,2017,1875000000,Utama
PBRX,Pan Brothers Tbk.,1990,21482028246,Pemantauan Khusus
PBSA,Paramita Bangun Sarana Tbk.,2016,3000000000,Utama
PCAR,Prima Cakrawala Abadi Tbk.,2017,1166666700,Pengembangan
PDES,Destinasi Tirta Nusantara Tbk,2008,715000000,Pengembangan
PDPP,Primadaya Plastisindo Tbk.,2022,3061341438,Pengembangan
PEGE,Panca Global Kapital Tbk.,2005,2833417056,Pengembangan
PEHA,Phapros Tbk.,2018,840000000,Utama
PEVE,Penta Valent Tbk.,2023,1765625000,Pengembangan
PGAS,Perusahaan Gas Negara Tbk.,2003,24241508196,Utama
PGEO,Pertamina Geothermal Energy Tb,2023,41488978343,Utama
PGJO,Tourindo Guide Indonesia Tbk.,2020,772459095,Akselerasi
PGLI,Pembangunan Graha Lestari Inda,2000,488000000,Pengembangan
PGUN,Pradiksi Gunatama Tbk.,2020,5737848882,Pemantauan Khusus
PICO,Pelangi Indah Canindo Tbk,1996,568375000,Pengembangan
PIPA,Multi Makmur Lemindo Tbk.,2023,3425012714,Pengembangan
PJAA,Pembangunan Jaya Ancol Tbk.,2004,1599999996,Utama
PKPK,Perdana Karya Perkasa Tbk,2007,1200000000,Pengembangan
PLAN,Planet Properindo Jaya Tbk.,2020,896709596,Akselerasi
PLAS,Polaris Investama Tbk,2001,1184200000,Pemantauan Khusus
PLIN,Plaza Indonesia Realty Tbk.,1992,3550000000,Pemantauan Khusus
PMJS,Putra Mandiri Jembar Tbk.,2019,13755600000,Pengembangan
PMMP,Panca Mitra Multiperdana Tbk.,2020,2588300000,Utama
PNBN,Bank Pan Indonesia Tbk,1982,23837645998,Utama
PNBS,Bank Panin Dubai Syariah Tbk.,2014,38425504906,Utama
PNGO,Pinago Utama Tbk.,2020,781250000,Pengembangan
PNIN,Paninvest Tbk.,1983,4068323920,Utama
PNLF,Panin Financial Tbk.,1983,32022073293,Utama
PNSE,Pudjiadi & Sons Tbk.,1990,797813496,Pemantauan Khusus
POLA,Pool Advista Finance Tbk.,2018,3351075600,Pemantauan Khusus
POLI,Pollux Hotels Group Tbk.,2019,2010526400,Pengembangan
POLL,Pollux Properties Indonesia Tb,2018,8318823600,Pengembangan
POLU,Golden Flower Tbk.,2019,750000000,Pengembangan
POLY,Asia Pacific Fibers Tbk,1991,2495753334,Pemantauan Khusus
POOL,Pool Advista Indonesia Tbk.,1991,2341366264,Pemantauan Khusus
PORT,Nusantara Pelabuhan Handal Tbk,2017,2813941985,Pengembangan
POSA,Bliss Properti Indonesia Tbk.,2019,8388870206,Pemantauan Khusus
POWR,Cikarang Listrindo Tbk.,2016,16087156000,Utama
PPGL,Prima Globalindo Logistik Tbk.,2020,771178020,Akselerasi
PPRE,PP Presisi Tbk.,2017,10224271000,Utama
PPRI,Paperocks Indonesia Tbk.,2023,1075003273,Pengembangan
PPRO,PP Properti Tbk.,2015,61675671883,Pemantauan Khusus
PRAS,Prima Alloy Steel Universal Tb,1990,701043478,Pemantauan Khusus
PRAY,Famon Awal Bros Sedaya Tbk.,2022,13959422300,Pengembangan
PRDA,Prodia Widyahusada Tbk.,2016,937500000,Utama
PRIM,Royal Prima Tbk.,2018,3393434905,Pengembangan
PSAB,J Resources Asia Pasifik Tbk.,2003,26460000000,Pengembangan
PSDN,Prasidha Aneka Niaga Tbk,1994,1440000000,Pengembangan
PSGO,Palma Serasih Tbk.,2019,18850000000,Utama
PSKT,Red Planet Indonesia Tbk.,1995,10351231636,Pemantauan Khusus
PSSI,IMC Pelita Logistik Tbk.,2017,5417063153,Utama
PTBA,Bukit Asam Tbk.,2002,11520659250,Utama
PTDU,Djasa Ubersakti Tbk.,2020,1500000000,Pemantauan Khusus
PTIS,Indo Straits Tbk.,2011,550165300,Utama
PTMP,Mitra Pack Tbk.,2023,3169200000,Pengembangan
PTPP,PP (Persero) Tbk.,2010,6199897354,Utama
PTPS,Pulau Subur Tbk.,2023,2167500000,Pemantauan Khusus
PTPW,Pratama Widya Tbk.,2020,878187500,Pengembangan
PTRO,Petrosea Tbk.,1990,1008605000,Utama
PTSN,Sat Nusapersada Tbk,2007,5314344000,Utama
PTSP,Pioneerindo Gourmet Internatio,1994,220808000,Pengembangan
PUDP,Pudjiadi Prestige Tbk.,1994,329560000,Pemantauan Khusus
PURA,Putra Rajawali Kencana Tbk.,2020,6301930902,Pemantauan Khusus
PURE,Trinitan Metals and Minerals T,2019,1375181505,Pemantauan Khusus
PURI,Puri Global Sukses Tbk.,2020,1000000000,Pengembangan
PWON,Pakuwon Jati Tbk.,1989,48159602400,Utama
PYFA,Pyridam Farma Tbk,2001,535080000,Pengembangan
PZZA,Sarimelati Kencana Tbk.,2018,3021875000,Utama
RAAM,Tripar Multivision Plus Tbk.,2023,6194200000,Utama
RAFI,Sari Kreasi Boga Tbk.,2022,3128140475,Pengembangan
RAJA,Rukun Raharja Tbk.,2006,4227082500,Utama
RALS,Ramayana Lestari Sentosa Tbk.,1996,7096000000,Utama
RANC,Supra Boga Lestari Tbk.,2012,1564487500,Pengembangan
RBMS,Ristia Bintang Mahkotasejati T,1997,2656212826,Pemantauan Khusus
RCCC,Utama Radar Cahaya Tbk.,2022,750000000,Akselerasi
RDTX,Roda Vivatex Tbk,1990,268800000,Utama
REAL,Repower Asia Indonesia Tbk.,2019,6633610151,Pemantauan Khusus
RELF,Graha Mitra Asia Tbk.,2023,5727802639,Akselerasi
RELI,Reliance Sekuritas Indonesia T,2005,1800000000,Utama
RGAS,Kian Santang Muliatama Tbk.,2023,1459200000,Pengembangan
RICY,Ricky Putra Globalindo Tbk,1998,641717510,Utama
RIGS,Rig Tenders Indonesia Tbk.,1990,609130000,Pengembangan
RIMO,Rimo International Lestari Tbk,2000,45080600000,Pemantauan Khusus
RISE,Jaya Sukses Makmur Sentosa Tbk,2018,10945000000,Pengembangan
RMKE,RMK Energy Tbk.,2021,4375000000,Utama
RMKO,Royaltama Mulia Kontraktorindo,2023,1250000000,Pengembangan
ROCK,Rockfields Properti Indonesia ,2020,1435185100,Pemantauan Khusus
RODA,Pikko Land Development Tbk.,2001,13592128209,Pemantauan Khusus
RONY,Aesler Grup Internasional Tbk.,2020,1250000000,Pengembangan
ROTI,Nippon Indosari Corpindo Tbk.,2010,6186488888,Utama
RSCH,Charlie Hospital Semarang Tbk.,2023,2650000000,Pengembangan
RSGK,Kedoya Adyaraya Tbk.,2021,929675000,Pemantauan Khusus
RUIS,Radiant Utama Interinsco Tbk.,2006,770000000,Pengembangan
RUNS,Global Sukses Solusi Tbk.,2021,983557875,Akselerasi
SAFE,Steady Safe Tbk,1994,615145012,Pemantauan Khusus
SAGE,Saptausaha Gemilangindah Tbk.,2023,8033263239,Pengembangan
SAME,Sarana Meditama Metropolitan T,2013,17147132545,Utama
SAMF,Saraswanti Anugerah Makmur Tbk,2020,5125000000,Utama
SAPX,Satria Antaran Prima Tbk.,2018,833333300,Pengembangan
SATU,Kota Satu Properti Tbk.,2018,1375000000,Pengembangan
SBAT,Sejahtera Bintang Abadi Textil,2020,4752982378,Pemantauan Khusus
SBMA,Surya Biru Murni Acetylene Tbk,2021,929926282,Pengembangan
SCCO,Supreme Cable Manufacturing & ,1982,822333600,Utama
SCMA,Surya Citra Media Tbk.,2002,73970569505,Utama
SCNP,Selaras Citra Nusantara Perkas,2020,2500000000,Pemantauan Khusus
SCPI,Organon Pharma Indonesia Tbk.,1990,3600000,Pemantauan Khusus
SDMU,Sidomulyo Selaras Tbk.,2011,1135225000,Pemantauan Khusus
SDPC,Millennium Pharmacon Internati,1990,1274000000,Utama
SDRA,Bank Woori Saudara Indonesia 1,2006,8482552020,Utama
SEMA,Semacom Integrated Tbk.,2022,1347258842,Pengembangan
SFAN,Surya Fajar Capital Tbk.,2019,1359934021,Pengembangan
SGER,Sumber Global Energy Tbk.,2020,4364335706,Pengembangan
SGRO,Sampoerna Agro Tbk.,2007,1818622000,Utama
SHID,Hotel Sahid Jaya International,1990,1119326168,Pengembangan
SHIP,Sillo Maritime Perdana Tbk.,2016,2719790000,Utama
SICO,Sigma Energy Compressindo Tbk.,2022,910048838,Pengembangan
SIDO,Industri Jamu dan Farmasi Sido,2013,30000000000,Utama
SILO,Siloam International Hospitals,2013,13006125000,Utama
SIMA,Siwani Makmur Tbk,1994,442589871,Pemantauan Khusus
SIMP,Salim Ivomas Pratama Tbk.,2011,15816310000,Utama
SINI,Singaraja Putra Tbk.,2019,481000000,Pemantauan Khusus
SIPD,Sreeya Sewu Indonesia Tbk.,1996,1839102056,Pengembangan
SKBM,Sekar Bumi Tbk.,2012,1730103217,Pemantauan Khusus
SKLT,Sekar Laut Tbk.,1993,6907405000,Pemantauan Khusus
SKRN,Superkrane Mitra Utama Tbk.,2018,7500000000,PENGEMBANGAN
SKYB,Northcliff Citranusa Indonesia,2010,585000000,Pemantauan Khusus
SLIS,Gaya Abadi Sempurna Tbk.,2019,2463335405,Pengembangan
SMAR,Smart Tbk.,1992,2872193366,Pengembangan
SMBR,Semen Baturaja Tbk.,2013,9932534336,Utama
SMCB,Solusi Bangun Indonesia Tbk.,1977,9019381973,Pemantauan Khusus
SMDM,Suryamas Dutamakmur Tbk.,1995,4772138237,Pengembangan
SMDR,Samudera Indonesia  Tbk.,1999,16375600000,Utama
SMGA,Sumber Mineral Global Abadi Tb,2024,8750000000,Pengembangan
SMGR,Semen Indonesia (Persero) Tbk.,1991,6751540089,Utama
SMIL,Sarana Mitra Luas Tbk.,2023,8750029198,Utama
SMKL,Satyamitra Kemas Lestari Tbk.,2019,3418085290,Utama
SMKM,Sumber Mas Konstruksi Tbk.,2022,1253000000,Akselerasi
SMLE,Sinergi Multi Lestarindo Tbk.,2024,2328125000,Pengembangan
SMMA,Sinarmas Multiartha Tbk.,1995,6367664717,Utama
SMMT,Golden Eagle Energy Tbk.,1997,3150000000,Utama
SMRA,Summarecon Agung Tbk.,1990,16508568358,Utama
SMRU,SMR Utama Tbk.,2011,12499385782,Pemantauan Khusus
SMSM,Selamat Sempurna Tbk.,1996,5758675440,Utama
SNLK,Sunter Lakeside Hotel Tbk.,2021,450000000,Pengembangan
SOCI,Soechi Lines Tbk.,2014,7059000000,Utama
SOFA,Boston Furniture Industries Tb,2020,1653574499,Akselerasi
SOHO,Soho Global Health Tbk.,2020,12691682390,Pemantauan Khusus
SONA,Sona Topas Tourism Industry Tb,1992,662400000,Utama
SOSS,Shield On Service Tbk.,2018,799414231,Pengembangan
SOTS,Satria Mega Kencana Tbk.,2018,1000003979,Pengembangan
SOUL,Mitra Tirta Buwana Tbk.,2023,1082524371,Akselerasi
SPMA,Suparma Tbk.,1994,3154092216,Utama
SPTO,Surya Pertiwi Tbk.,2018,2700000000,Utama
SQMI,Wilton Makmur Indonesia Tbk.,2004,15537591429,Pengembangan
SRAJ,Sejahteraraya Anugrahjaya Tbk.,2011,12000705445,Utama
SRIL,Sri Rejeki Isman Tbk.,2013,20452176844,Pemantauan Khusus
SRSN,Indo Acidatama Tbk,1993,6020000000,Utama
SRTG,Saratoga Investama Sedaya Tbk.,2013,13564835000,Utama
SSIA,Surya Semesta Internusa Tbk.,1997,4705249440,Utama
SSMS,Sawit Sumbermas Sarana Tbk.,2013,9525000000,Utama
SSTM,Sunson Textile Manufacture Tbk,1997,1170909181,Pemantauan Khusus
STAA,Sumber Tani Agung Resources Tb,2022,10903372600,Utama
STAR,Buana Artha Anugerah Tbk.,2011,4800000602,Utama
STRK,Lovina Beach Brewery Tbk.,2023,10721709000,Pengembangan
STTP,Siantar Top Tbk.,1996,1310000000,Pengembangan
SUGI,Sugih Energy Tbk.,2002,24811541414,Pemantauan Khusus
SULI,SLJ Global Tbk.,1994,5730581103,Utama
SUNI,Sunindo Pratama Tbk.,2023,2500000000,Utama
SUPR,Solusi Tunas Pratama Tbk.,2011,1137579698,Pemantauan Khusus
SURE,Super Energy Tbk.,2018,1497576771,Pemantauan Khusus
SURI,Maja Agung Latexindo Tbk.,2023,6334375000,Pengembangan
SWAT,Sriwahana Adityakarta Tbk.,2018,3019200000,Pengembangan
SWID,Saraswanti Indoland Developmen,2022,5385019201,Pengembangan
TALF,Tunas Alfin Tbk.,2014,1353435000,Pengembangan
TAMA,Lancartama Sejati Tbk.,2020,1200000696,Pemantauan Khusus
TAMU,Pelayaran Tamarin Samudra Tbk.,2017,37500000000,Pemantauan Khusus
TAPG,Triputra Agro Persada Tbk.,2021,19852540000,Utama
TARA,Agung Semesta Sejahtera Tbk.,2014,10069645750,Pemantauan Khusus
TAXI,Express Transindo Utama Tbk.,2012,10223647156,Pemantauan Khusus
TAYS,Jaya Swarasa Agung Tbk.,2021,1098920000,Pengembangan
TBIG,Tower Bersama Infrastructure T,2010,22656999445,Utama
TBLA,Tunas Baru Lampung Tbk.,2000,6025373372,Utama
TBMS,Tembaga Mulia Semanan Tbk.,1990,734680000,Pengembangan
TCID,Mandom Indonesia Tbk.,1993,402133334,Utama
TCPI,Transcoal Pacific Tbk.,2018,5000000000,Pengembangan
TDPM,Tridomain Performance Material,2018,10485050500,Pemantauan Khusus
TEBE,Dana Brata Luhur Tbk.,2019,1285000000,Utama
TECH,Indosterling Technomedia Tbk.,2020,1256300000,Pemantauan Khusus
TELE,Omni Inovasi Indonesia Tbk.,2012,7310929389,Pemantauan Khusus
TFAS,Telefast Indonesia Tbk.,2019,1666666500,Pengembangan
TFCO,Tifico Fiber Indonesia Tbk.,1980,4823076400,Pemantauan Khusus
TGKA,Tigaraksa Satria Tbk.,1990,918492750,Pengembangan
TGRA,Terregra Asia Energy Tbk.,2017,2750000000,Pemantauan Khusus
TGUK,Platinum Wahab Nusantara Tbk.,2023,3571443999,Pengembangan
TIFA,KDB Tifa Finance Tbk.,2011,3552213000,Pemantauan Khusus
TINS,Timah Tbk.,1995,7447753454,Utama
TIRA,Tira Austenite Tbk,1993,588000000,Pemantauan Khusus
TIRT,Tirta Mahakam Resources Tbk,1999,1011774750,Pemantauan Khusus
TKIM,Pabrik Kertas Tjiwi Kimia Tbk.,1990,3113223570,Utama
TLDN,Teladan Prima Agro Tbk.,2022,12946530200,Utama
TLKM,Telkom Indonesia (Persero) Tbk,1995,99062216600,Utama
TMAS,Temas Tbk.,2003,57051500000,Utama
TMPO,Tempo Intimedia Tbk.,2001,1058333250,Pengembangan
TNCA,Trimuda Nuansa Citra Tbk.,2018,421640000,Pengembangan
TOBA,TBS Energi Utama Tbk.,2012,8106700622,Utama
TOOL,Rohartindo Nusantara Luas Tbk.,2022,2050015667,Pengembangan
TOPS,Totalindo Eka Persada Tbk.,2017,33330000000,Pemantauan Khusus
TOSK,Topindo Solusi Komunika Tbk.,2024,4375000000,Pengembangan
TOTL,Total Bangun Persada Tbk.,2006,3410000000,Utama
TOTO,Surya Toto Indonesia Tbk.,1990,10320000000,Pemantauan Khusus
TOWR,Sarana Menara Nusantara Tbk.,2010,51014625000,Utama
TOYS,Sunindo Adipersada Tbk.,2020,1435000712,Pengembangan
TPIA,Chandra Asri Pacific Tbk.,2008,86511545092,Pengembangan
TPMA,Trans Power Marine Tbk.,2013,2633300000,Pengembangan
TRAM,Trada Alam Minera Tbk.,2008,49643627934,Pemantauan Khusus
TRGU,Cerestar Indonesia Tbk.,2022,7945412700,Pengembangan
TRIL,Triwira Insanlestari Tbk.,2008,1200000000,Pemantauan Khusus
TRIM,Trimegah Sekuritas Indonesia T,2000,7109300000,Utama
TRIN,Perintis Triniti Properti Tbk.,2020,4551457323,Utama
TRIO,Trikomsel Oke Tbk.,2009,26007494645,Pemantauan Khusus
TRIS,Trisula International Tbk.,2012,3141443831,Pengembangan
TRJA,Transkon Jaya Tbk.,2020,1510200000,Utama
TRON,Teknologi Karya Digital Nusa T,2023,2951289164,Pengembangan
TRST,Trias Sentosa Tbk.,1990,2808000000,Utama
TRUE,Triniti Dinamik Tbk.,2021,7571035172,Pemantauan Khusus
TRUK,Guna Timur Raya Tbk.,2018,435000000,Pengembangan
TRUS,Trust Finance Indonesia Tbk,2002,800000000,PENGEMBANGAN
TSPC,Tempo Scan Pacific Tbk.,1994,4509864300,Utama
TUGU,Asuransi Tugu Pratama Indonesi,2018,3555575600,Utama
TYRE,King Tire Indonesia Tbk.,2023,3478036250,Pengembangan
UANG,Pakuan Tbk.,2020,1210000000,Pengembangan
UCID,Uni-Charm Indonesia Tbk.,2019,4156572300,Utama
UDNG,Agro Bahari Nusantara Tbk.,2023,1750000000,Akselerasi
UFOE,Damai Sejahtera Abadi Tbk.,2021,2287500000,Pengembangan
ULTJ,Ultrajaya Milk Industry & Trad,1990,11553528000,Utama
UNIC,Unggul Indah Cahaya Tbk.,1989,383331363,Utama
UNIQ,Ulima Nitra Tbk.,2021,3138983000,Utama
UNIT,Nusantara Inti Corpora Tbk,2002,75422200,Pemantauan Khusus
UNSP,Bakrie Sumatera Plantations Tb,1990,2500162344,Pemantauan Khusus
UNTD,Terang Dunia Internusa Tbk.,2024,6666666700,Pengembangan
UNTR,United Tractors Tbk.,1989,3730135136,Utama
UNVR,Unilever Indonesia Tbk.,1982,38150000000,Utama
URBN,Urban Jakarta Propertindo Tbk.,2018,3232122640,Pengembangan
UVCR,Trimegah Karya Pratama Tbk.,2021,2000144838,Pengembangan
VAST,Vastland Indonesia Tbk.,2023,3055709212,Pengembangan
VICI,Victoria Care Indonesia Tbk.,2020,6708000000,Utama
VICO,Victoria Investama Tbk.,2013,15217075658,Pengembangan
VINS,Victoria Insurance Tbk.,2015,1460573616,Pengembangan
VISI,Satu Visi Putra Tbk.,2024,3075000000,Pengembangan
VIVA,Visi Media Asia Tbk.,2011,16464270400,Pemantauan Khusus
VKTR,VKTR Teknologi Mobilitas Tbk.,2023,43750000000,Pengembangan
VOKS,Voksel Electric Tbk.,1990,4155602595,Utama
VRNA,Mizuho Leasing Indonesia Tbk.,2008,5687353997,Pengembangan
VTNY,Venteny Fortuna International ,2022,6265193445,Pengembangan
WAPO,Wahana Pronatural Tbk.,2001,1240923111,Pengembangan
WEGE,Wijaya Karya Bangunan Gedung T,2017,9572000000,Utama
WEHA,WEHA Transportasi Indonesia Tb,2007,1460554819,Utama
WGSH,Wira Global Solusi Tbk.,2021,1042500000,Akselerasi
WICO,Wicaksana Overseas Internation,1994,2393710348,Pemantauan Khusus
WIDI,Widiant Jaya Krenindo Tbk.,2023,1600009029,Akselerasi
WIFI,Solusi Sinergi Digital Tbk.,2020,2359355118,Utama
WIIM,Wismilak Inti Makmur Tbk.,2012,2099873760,Utama
WIKA,Wijaya Karya (Persero) Tbk.,2007,8969951372,Utama
WINE,Hatten Bali Tbk.,2023,2710000000,Pengembangan
WINR,Winner Nusantara Jaya Tbk.,2022,5235283825,Pemantauan Khusus
WINS,Wintermar Offshore Marine Tbk.,2010,4364337057,Utama
WIRG,WIR ASIA Tbk.,2022,11938622394,Pengembangan
WMPP,Widodo Makmur Perkasa Tbk.,2021,29419000000,Pemantauan Khusus
WMUU,Widodo Makmur Unggas Tbk.,2021,12941176500,Pemantauan Khusus
WOMF,Wahana Ottomitra Multiartha Tb,2004,3481481480,Utama
WOOD,Integra Indocabinet Tbk.,2017,6437500000,Utama
WOWS,Ginting Jaya Energi Tbk.,2019,2475720000,Pemantauan Khusus
WSBP,Waskita Beton Precast Tbk.,2016,54555721325,Pemantauan Khusus
WSKT,Waskita Karya (Persero) Tbk.,2012,28806807016,Pemantauan Khusus
WTON,Wijaya Karya Beton Tbk.,2014,8715466600,Utama
YELO,Yelooo Integra Datanet Tbk.,2018,1912774405,Pemantauan Khusus
YPAS,Yanaprima Hastapersada Tbk,2008,668000089,Pemantauan Khusus
YULE,Yulie Sekuritas Indonesia Tbk.,2004,1785000000,Pemantauan Khusus
ZATA,Bersama Zatta Jaya Tbk.,2022,8496000000,Pemantauan Khusus
ZBRA,Dosni Roha Indonesia Tbk.,1991,2510706263,Pengembangan
ZINC,Kapuas Prima Coal Tbk.,2017,25250000000,Pemantauan Khusus
ZONE,Mega Perintis Tbk.,2018,870171478,Pengembangan
ZYRX,Zyrexindo Mandiri Buana Tbk.,2021,1333334556,Pengembangan
